{
    "data": [
      {
        "id": 31,
        "name": "Furnishing",
        "slug": "furnishing",
        "description": "Furniture encompasses a wide range of functional and decorative items designed to enhance living and working spaces. It includes various pieces that serve practical purposes while contributing to the overall aesthetics and ambiance of a room or environment. Furniture is an essential aspect of interior design and plays a crucial role in creating comfortable and functional living, working, and recreational spaces.",
        "category_image_id": null,
        "category_icon_id": null,
        "status": 1,
        "type": "post",
        "commission_rate": null,
        "parent_id": null,
        "created_by_id": "1",
        "created_at": "2023-08-31T06:32:22.000000Z",
        "updated_at": "2023-08-31T06:32:22.000000Z",
        "deleted_at": null,
        "blogs_count": 6,
        "products_count": 0,
        "category_image": null,
        "category_icon": null,
        "subcategories": [],
        "parent": null
      },
      {
        "id": 30,
        "name": "Fashions",
        "slug": "fashions",
        "description": "Fashion refers to the prevailing style or trend in clothing, accessories, footwear, makeup, and hairstyling that is popular at a particular time and place. It's a dynamic and ever-evolving aspect of culture that reflects social, economic, and cultural influences",
        "category_image_id": null,
        "category_icon_id": null,
        "status": 1,
        "type": "post",
        "commission_rate": null,
        "parent_id": null,
        "created_by_id": "1",
        "created_at": "2023-08-31T06:32:05.000000Z",
        "updated_at": "2023-08-31T06:32:29.000000Z",
        "deleted_at": null,
        "blogs_count": 6,
        "products_count": 0,
        "category_image": null,
        "category_icon": null,
        "subcategories": [],
        "parent": null
      },
      {
        "id": 29,
        "name": "Groceries",
        "slug": "groceries",
        "description": "Groceries and staples are the foundation of a well-stocked kitchen, encompassing essential food items that form the basis of meals. This category includes non-perishable items like rice, pasta, flour, oils, canned goods, and spices. Staples provide the building blocks for a wide range of recipes, allowing for diverse culinary creations. Careful grocery planning ensures a pantry stocked with nutritious and versatile options, enabling efficient meal preparation while accommodating individual dietary preferences.",
        "category_image_id": null,
        "category_icon_id": null,
        "status": 1,
        "type": "post",
        "commission_rate": null,
        "parent_id": null,
        "created_by_id": "1",
        "created_at": "2023-08-31T06:31:28.000000Z",
        "updated_at": "2023-08-31T06:32:39.000000Z",
        "deleted_at": null,
        "blogs_count": 6,
        "products_count": 0,
        "category_image": null,
        "category_icon": null,
        "subcategories": [],
        "parent": null
      },
      {
        "id": 28,
        "name": "Farm Fresh Produce",
        "slug": "farm-fresh-produce",
        "description": "This unveiling of the farm fresh phenomenon will offer an engrossing insight into the world of pure, unadulterated, and nutrient-rich food. Dive into the lush green fields, feel the raw earth, and unmask the real scent, flavor, and texture that nature imbues in its bountiful produce.",
        "category_image_id": null,
        "category_icon_id": null,
        "status": 1,
        "type": "post",
        "commission_rate": null,
        "parent_id": null,
        "created_by_id": "1",
        "created_at": "2023-08-31T06:30:50.000000Z",
        "updated_at": "2023-08-31T10:51:13.000000Z",
        "deleted_at": null,
        "blogs_count": 6,
        "products_count": 0,
        "category_image": null,
        "category_icon": null,
        "subcategories": [],
        "parent": null
      },
      {
        "id": 22,
        "name": "Electronics",
        "slug": "electronics",
        "description": "Electronics refer to devices and systems that utilize the principles of electronics and electromagnetism to control and manipulate electrical signals. Electronics play a crucial role in modern society, impacting communication, entertainment, transportation, healthcare, and various other sectors",
        "category_image_id": 393,
        "category_icon_id": 313,
        "status": 1,
        "type": "product",
        "commission_rate": null,
        "parent_id": null,
        "created_by_id": "1",
        "created_at": "2023-08-31T06:02:47.000000Z",
        "updated_at": "2023-09-01T06:10:46.000000Z",
        "deleted_at": null,
        "blogs_count": 0,
        "products_count": 7,
        "category_image": {
          "id": 393,
          "collection_name": "attachment",
          "name": "Electronics",
          "file_name": "Electronics.png",
          "mime_type": "image/png",
          "disk": "public",
          "conversions_disk": "public",
          "size": "1921080",
          "created_by_id": "1",
          "created_at": "2023-09-01T06:10:14.000000Z",
          "updated_at": "2023-09-01T06:10:14.000000Z",
          "original_url": "assets/images/data/product-2.png"
        },
        "category_icon": {
          "id": 313,
          "collection_name": "attachment",
          "name": "electronic",
          "file_name": "electronic.svg",
          "mime_type": "image/svg+xml",
          "disk": "public",
          "conversions_disk": "public",
          "size": "31460",
          "created_by_id": "1",
          "created_at": "2023-08-31T10:37:59.000000Z",
          "updated_at": "2023-08-31T10:37:59.000000Z",
          "original_url": "assets/images/data/category-1.svg"
        },
        "subcategories": [],
        "parent": null
      },
      {
        "id": 21,
        "name": "Sports",
        "slug": "sports",
        "description": "Sports encompass a wide range of physical activities and competitive games that involve skill, athleticism, strategy, and often teamwork. Sports have a significant impact on individuals, communities, and societies, fostering physical fitness, social interaction, entertainment, and even professional careers",
        "category_image_id": 378,
        "category_icon_id": 661,
        "status": 1,
        "type": "product",
        "commission_rate": null,
        "parent_id": null,
        "created_by_id": "1",
        "created_at": "2023-08-31T06:01:06.000000Z",
        "updated_at": "2023-09-05T03:57:11.000000Z",
        "deleted_at": null,
        "blogs_count": 0,
        "products_count": 15,
        "category_image": {
          "id": 378,
          "collection_name": "attachment",
          "name": "sports",
          "file_name": "sports.png",
          "mime_type": "image/png",
          "disk": "public",
          "conversions_disk": "public",
          "size": "7520",
          "created_by_id": "1",
          "created_at": "2023-09-01T05:29:00.000000Z",
          "updated_at": "2023-09-01T05:29:00.000000Z",
          "original_url": "assets/images/data/cate.png"
        },
        "category_icon": {
          "id": 661,
          "collection_name": "attachment",
          "name": "clipboard-image (2)",
          "file_name": "clipboard-image-(2).png",
          "mime_type": "image/png",
          "disk": "public",
          "conversions_disk": "public",
          "size": "27124",
          "created_by_id": "1",
          "created_at": "2023-09-05T03:56:38.000000Z",
          "updated_at": "2023-09-05T03:56:38.000000Z",
          "original_url": "assets/images/data/ball.png"
        },
        "subcategories": [],
        "parent": null
      },
      {
        "id": 20,
        "name": "Accessories",
        "slug": "accessories",
        "description": "Accessories are items that complement and enhance an individual's overall appearance and style. They are an essential part of fashion and can add depth, personality, and flair to outfits. Accessories encompass a wide range of items, from jewelry and bags to scarves, hats, belts, and more.",
        "category_image_id": 380,
        "category_icon_id": 318,
        "status": 1,
        "type": "product",
        "commission_rate": null,
        "parent_id": null,
        "created_by_id": "1",
        "created_at": "2023-08-31T06:00:03.000000Z",
        "updated_at": "2023-09-01T05:29:24.000000Z",
        "deleted_at": null,
        "blogs_count": 0,
        "products_count": 7,
        "category_image": {
          "id": 380,
          "collection_name": "attachment",
          "name": "acc_category",
          "file_name": "acc_category.png",
          "mime_type": "image/png",
          "disk": "public",
          "conversions_disk": "public",
          "size": "6331",
          "created_by_id": "1",
          "created_at": "2023-09-01T05:29:18.000000Z",
          "updated_at": "2023-09-01T05:29:18.000000Z",
          "original_url": "assets/images/data/cate.png"
        },
        "category_icon": {
          "id": 318,
          "collection_name": "attachment",
          "name": "assessories",
          "file_name": "assessories.svg",
          "mime_type": "image/svg+xml",
          "disk": "public",
          "conversions_disk": "public",
          "size": "11660",
          "created_by_id": "1",
          "created_at": "2023-08-31T11:19:15.000000Z",
          "updated_at": "2023-08-31T11:19:15.000000Z",
          "original_url": "assets/images/data/assessories.svg"
        },
        "subcategories": [],
        "parent": null
      },
      {
        "id": 19,
        "name": "Fashion",
        "slug": "fashion",
        "description": "Fashion refers to the prevailing style or trend in clothing, accessories, footwear, makeup, and hairstyling that is popular at a particular time and place. It's a dynamic and ever-evolving aspect of culture that reflects social, economic, and cultural influences",
        "category_image_id": 382,
        "category_icon_id": 314,
        "status": 1,
        "type": "product",
        "commission_rate": null,
        "parent_id": null,
        "created_by_id": "1",
        "created_at": "2023-08-24T09:15:24.000000Z",
        "updated_at": "2023-09-01T05:29:40.000000Z",
        "deleted_at": null,
        "blogs_count": 0,
        "products_count": 28,
        "category_image": {
          "id": 382,
          "collection_name": "attachment",
          "name": "fashion_category",
          "file_name": "fashion_category.png",
          "mime_type": "image/png",
          "disk": "public",
          "conversions_disk": "public",
          "size": "8945",
          "created_by_id": "1",
          "created_at": "2023-09-01T05:29:34.000000Z",
          "updated_at": "2023-09-01T05:29:34.000000Z",
          "original_url": "assets/images/data/cate.png"
        },
        "category_icon": {
          "id": 314,
          "collection_name": "attachment",
          "name": "fashion",
          "file_name": "fashion.svg",
          "mime_type": "image/svg+xml",
          "disk": "public",
          "conversions_disk": "public",
          "size": "2383",
          "created_by_id": "1",
          "created_at": "2023-08-31T10:37:59.000000Z",
          "updated_at": "2023-08-31T10:37:59.000000Z",
          "original_url": "assets/images/data/fashion.svg"
        },
        "subcategories": [
          {
            "id": 24,
            "name": "Tops",
            "slug": "tops",
            "description": null,
            "category_image_id": null,
            "category_icon_id": null,
            "status": 1,
            "type": "product",
            "commission_rate": null,
            "parent_id": 19,
            "created_by_id": "1",
            "created_at": "2023-08-31T06:07:06.000000Z",
            "updated_at": "2023-08-31T06:07:06.000000Z",
            "deleted_at": null,
            "blogs_count": 0,
            "products_count": 0,
            "category_image": null,
            "category_icon": null,
            "subcategories": [],
            "parent": {
              "id": 19,
              "name": "Fashion",
              "slug": "fashion",
              "description": "Fashion refers to the prevailing style or trend in clothing, accessories, footwear, makeup, and hairstyling that is popular at a particular time and place. It's a dynamic and ever-evolving aspect of culture that reflects social, economic, and cultural influences",
              "category_image_id": 382,
              "category_icon_id": 314,
              "status": 1,
              "type": "product",
              "commission_rate": null,
              "parent_id": null,
              "created_by_id": "1",
              "created_at": "2023-08-24T09:15:24.000000Z",
              "updated_at": "2023-09-01T05:29:40.000000Z",
              "deleted_at": null,
              "blogs_count": 0,
              "products_count": 28,
              "category_image": {
                "id": 382,
                "collection_name": "attachment",
                "name": "fashion_category",
                "file_name": "fashion_category.png",
                "mime_type": "image/png",
                "disk": "public",
                "conversions_disk": "public",
                "size": "8945",
                "created_by_id": "1",
                "created_at": "2023-09-01T05:29:34.000000Z",
                "updated_at": "2023-09-01T05:29:34.000000Z",
                "original_url": "assets/images/data/cate.png"
              },
              "category_icon": {
                "id": 314,
                "collection_name": "attachment",
                "name": "fashion",
                "file_name": "fashion.svg",
                "mime_type": "image/svg+xml",
                "disk": "public",
                "conversions_disk": "public",
                "size": "2383",
                "created_by_id": "1",
                "created_at": "2023-08-31T10:37:59.000000Z",
                "updated_at": "2023-08-31T10:37:59.000000Z",
                "original_url": "assets/images/data/fashion.svg"
              }
            }
          },
          {
            "id": 25,
            "name": "Bottoms",
            "slug": "bottoms",
            "description": null,
            "category_image_id": null,
            "category_icon_id": null,
            "status": 1,
            "type": "product",
            "commission_rate": null,
            "parent_id": 19,
            "created_by_id": "1",
            "created_at": "2023-08-31T06:07:24.000000Z",
            "updated_at": "2023-08-31T06:07:24.000000Z",
            "deleted_at": null,
            "blogs_count": 0,
            "products_count": 0,
            "category_image": null,
            "category_icon": null,
            "subcategories": [],
            "parent": {
              "id": 19,
              "name": "Fashion",
              "slug": "fashion",
              "description": "Fashion refers to the prevailing style or trend in clothing, accessories, footwear, makeup, and hairstyling that is popular at a particular time and place. It's a dynamic and ever-evolving aspect of culture that reflects social, economic, and cultural influences",
              "category_image_id": 382,
              "category_icon_id": 314,
              "status": 1,
              "type": "product",
              "commission_rate": null,
              "parent_id": null,
              "created_by_id": "1",
              "created_at": "2023-08-24T09:15:24.000000Z",
              "updated_at": "2023-09-01T05:29:40.000000Z",
              "deleted_at": null,
              "blogs_count": 0,
              "products_count": 28,
              "category_image": {
                "id": 382,
                "collection_name": "attachment",
                "name": "fashion_category",
                "file_name": "fashion_category.png",
                "mime_type": "image/png",
                "disk": "public",
                "conversions_disk": "public",
                "size": "8945",
                "created_by_id": "1",
                "created_at": "2023-09-01T05:29:34.000000Z",
                "updated_at": "2023-09-01T05:29:34.000000Z",
                "original_url": "assets/images/data/cate.png"
              },
              "category_icon": {
                "id": 314,
                "collection_name": "attachment",
                "name": "fashion",
                "file_name": "fashion.svg",
                "mime_type": "image/svg+xml",
                "disk": "public",
                "conversions_disk": "public",
                "size": "2383",
                "created_by_id": "1",
                "created_at": "2023-08-31T10:37:59.000000Z",
                "updated_at": "2023-08-31T10:37:59.000000Z",
                "original_url": "assets/images/data/fashion.svg"
              }
            }
          },
          {
            "id": 26,
            "name": "Jackets",
            "slug": "jackets",
            "description": null,
            "category_image_id": null,
            "category_icon_id": null,
            "status": 1,
            "type": "product",
            "commission_rate": null,
            "parent_id": 19,
            "created_by_id": "1",
            "created_at": "2023-08-31T06:07:51.000000Z",
            "updated_at": "2023-08-31T06:07:51.000000Z",
            "deleted_at": null,
            "blogs_count": 0,
            "products_count": 0,
            "category_image": null,
            "category_icon": null,
            "subcategories": [],
            "parent": {
              "id": 19,
              "name": "Fashion",
              "slug": "fashion",
              "description": "Fashion refers to the prevailing style or trend in clothing, accessories, footwear, makeup, and hairstyling that is popular at a particular time and place. It's a dynamic and ever-evolving aspect of culture that reflects social, economic, and cultural influences",
              "category_image_id": 382,
              "category_icon_id": 314,
              "status": 1,
              "type": "product",
              "commission_rate": null,
              "parent_id": null,
              "created_by_id": "1",
              "created_at": "2023-08-24T09:15:24.000000Z",
              "updated_at": "2023-09-01T05:29:40.000000Z",
              "deleted_at": null,
              "blogs_count": 0,
              "products_count": 28,
              "category_image": {
                "id": 382,
                "collection_name": "attachment",
                "name": "fashion_category",
                "file_name": "fashion_category.png",
                "mime_type": "image/png",
                "disk": "public",
                "conversions_disk": "public",
                "size": "8945",
                "created_by_id": "1",
                "created_at": "2023-09-01T05:29:34.000000Z",
                "updated_at": "2023-09-01T05:29:34.000000Z",
                "original_url": "assets/images/data/cate.png"
              },
              "category_icon": {
                "id": 314,
                "collection_name": "attachment",
                "name": "fashion",
                "file_name": "fashion.svg",
                "mime_type": "image/svg+xml",
                "disk": "public",
                "conversions_disk": "public",
                "size": "2383",
                "created_by_id": "1",
                "created_at": "2023-08-31T10:37:59.000000Z",
                "updated_at": "2023-08-31T10:37:59.000000Z",
                "original_url": "assets/images/data/fashion.svg"
              }
            }
          },
          {
            "id": 27,
            "name": "Sleepwear",
            "slug": "sleepwear",
            "description": null,
            "category_image_id": null,
            "category_icon_id": null,
            "status": 1,
            "type": "product",
            "commission_rate": null,
            "parent_id": 19,
            "created_by_id": "1",
            "created_at": "2023-08-31T06:08:13.000000Z",
            "updated_at": "2023-08-31T06:08:22.000000Z",
            "deleted_at": null,
            "blogs_count": 0,
            "products_count": 0,
            "category_image": null,
            "category_icon": null,
            "subcategories": [],
            "parent": {
              "id": 19,
              "name": "Fashion",
              "slug": "fashion",
              "description": "Fashion refers to the prevailing style or trend in clothing, accessories, footwear, makeup, and hairstyling that is popular at a particular time and place. It's a dynamic and ever-evolving aspect of culture that reflects social, economic, and cultural influences",
              "category_image_id": 382,
              "category_icon_id": 314,
              "status": 1,
              "type": "product",
              "commission_rate": null,
              "parent_id": null,
              "created_by_id": "1",
              "created_at": "2023-08-24T09:15:24.000000Z",
              "updated_at": "2023-09-01T05:29:40.000000Z",
              "deleted_at": null,
              "blogs_count": 0,
              "products_count": 28,
              "category_image": {
                "id": 382,
                "collection_name": "attachment",
                "name": "fashion_category",
                "file_name": "fashion_category.png",
                "mime_type": "image/png",
                "disk": "public",
                "conversions_disk": "public",
                "size": "8945",
                "created_by_id": "1",
                "created_at": "2023-09-01T05:29:34.000000Z",
                "updated_at": "2023-09-01T05:29:34.000000Z",
                "original_url": "assets/images/data/cate.png"
              },
              "category_icon": {
                "id": 314,
                "collection_name": "attachment",
                "name": "fashion",
                "file_name": "fashion.svg",
                "mime_type": "image/svg+xml",
                "disk": "public",
                "conversions_disk": "public",
                "size": "2383",
                "created_by_id": "1",
                "created_at": "2023-08-31T10:37:59.000000Z",
                "updated_at": "2023-08-31T10:37:59.000000Z",
                "original_url": "assets/images/data/fashion.svg"
              }
            }
          }
        ],
        "parent": null
      },
      {
        "id": 18,
        "name": "Beauty",
        "slug": "beauty",
        "description": "Beauty is a concept that encompasses various aspects related to aesthetics, appearance, and the perception of attractiveness. It is a multifaceted idea that can be understood differently across cultures, individuals, and contexts.",
        "category_image_id": 392,
        "category_icon_id": 311,
        "status": 1,
        "type": "product",
        "commission_rate": null,
        "parent_id": null,
        "created_by_id": "1",
        "created_at": "2023-08-24T09:14:42.000000Z",
        "updated_at": "2023-09-01T06:11:08.000000Z",
        "deleted_at": null,
        "blogs_count": 0,
        "products_count": 9,
        "category_image": {
          "id": 392,
          "collection_name": "attachment",
          "name": "Beauty",
          "file_name": "Beauty.png",
          "mime_type": "image/png",
          "disk": "public",
          "conversions_disk": "public",
          "size": "1680464",
          "created_by_id": "1",
          "created_at": "2023-09-01T06:10:14.000000Z",
          "updated_at": "2023-09-01T06:10:14.000000Z",
          "original_url": "assets/images/data/cate.png"
        },
        "category_icon": {
          "id": 311,
          "collection_name": "attachment",
          "name": "beauty",
          "file_name": "beauty.svg",
          "mime_type": "image/svg+xml",
          "disk": "public",
          "conversions_disk": "public",
          "size": "3413",
          "created_by_id": "1",
          "created_at": "2023-08-31T10:36:42.000000Z",
          "updated_at": "2023-08-31T10:36:42.000000Z",
          "original_url": "assets/images/data/beauty.svg"
        },
        "subcategories": [],
        "parent": null
      },
      {
        "id": 17,
        "name": "Furniture",
        "slug": "furniture",
        "description": "Furniture encompasses a wide range of functional and decorative items designed to enhance living and working spaces. It includes various pieces that serve practical purposes while contributing to the overall aesthetics and ambiance of a room or environment. Furniture is an essential aspect of interior design and plays a crucial role in creating comfortable and functional living, working, and recreational spaces.",
        "category_image_id": null,
        "category_icon_id": 315,
        "status": 1,
        "type": "product",
        "commission_rate": null,
        "parent_id": null,
        "created_by_id": "1",
        "created_at": "2023-08-24T09:09:02.000000Z",
        "updated_at": "2023-08-31T10:38:49.000000Z",
        "deleted_at": null,
        "blogs_count": 0,
        "products_count": 20,
        "category_image": null,
        "category_icon": {
          "id": 315,
          "collection_name": "attachment",
          "name": "noun-furniture-3588149 1",
          "file_name": "noun-furniture-3588149-1.svg",
          "mime_type": "image/svg+xml",
          "disk": "public",
          "conversions_disk": "public",
          "size": "2159",
          "created_by_id": "1",
          "created_at": "2023-08-31T10:37:59.000000Z",
          "updated_at": "2023-08-31T10:37:59.000000Z",
          "original_url": "assets/images/data/furniture.svg"
        },
        "subcategories": [
          {
            "id": 11,
            "name": "Decorations",
            "slug": "decorations",
            "description": "Furniture and decorations are integral components of interior design, transforming living spaces into functional and aesthetically pleasing environments. Furniture includes items like chairs, tables, sofas, and beds, which serve both practical and decorative purposes. Decorations encompass a wide variety of objects such as artwork, vases, rugs, and ornaments that add personality and style to a room. Thoughtfully chosen furniture and decorations contribute to the ambiance and functionality of a space, reflecting individual preferences and creating a harmonious living environment.",
            "category_image_id": null,
            "category_icon_id": null,
            "status": 1,
            "type": "product",
            "commission_rate": null,
            "parent_id": 17,
            "created_by_id": "1",
            "created_at": "2023-08-24T09:02:29.000000Z",
            "updated_at": "2023-08-24T09:10:12.000000Z",
            "deleted_at": null,
            "blogs_count": 0,
            "products_count": 0,
            "category_image": null,
            "category_icon": null,
            "subcategories": [],
            "parent": {
              "id": 17,
              "name": "Furniture",
              "slug": "furniture",
              "description": "Furniture encompasses a wide range of functional and decorative items designed to enhance living and working spaces. It includes various pieces that serve practical purposes while contributing to the overall aesthetics and ambiance of a room or environment. Furniture is an essential aspect of interior design and plays a crucial role in creating comfortable and functional living, working, and recreational spaces.",
              "category_image_id": null,
              "category_icon_id": 315,
              "status": 1,
              "type": "product",
              "commission_rate": null,
              "parent_id": null,
              "created_by_id": "1",
              "created_at": "2023-08-24T09:09:02.000000Z",
              "updated_at": "2023-08-31T10:38:49.000000Z",
              "deleted_at": null,
              "blogs_count": 0,
              "products_count": 20,
              "category_image": null,
              "category_icon": {
                "id": 315,
                "collection_name": "attachment",
                "name": "noun-furniture-3588149 1",
                "file_name": "noun-furniture-3588149-1.svg",
                "mime_type": "image/svg+xml",
                "disk": "public",
                "conversions_disk": "public",
                "size": "2159",
                "created_by_id": "1",
                "created_at": "2023-08-31T10:37:59.000000Z",
                "updated_at": "2023-08-31T10:37:59.000000Z",
                "original_url": "assets/images/data/furniture.svg"
              }
            }
          },
          {
            "id": 12,
            "name": "Bed linen",
            "slug": "bed-linen",
            "description": "Bed linen, including sheets, pillowcases, duvet covers, and bedspreads, plays a vital role in enhancing sleep comfort and bedroom aesthetics. Made from various materials like cotton, linen, or silk, bed linen offers different textures and levels of breathability. Beyond their functional aspect, bed linens contribute to bedroom decor and can be coordinated to match or complement the overall interior design. Choosing high-quality bed linens can promote better sleep quality and contribute to creating a cozy and inviting bedroom atmosphere.",
            "category_image_id": null,
            "category_icon_id": null,
            "status": 1,
            "type": "product",
            "commission_rate": null,
            "parent_id": 17,
            "created_by_id": "1",
            "created_at": "2023-08-24T09:02:53.000000Z",
            "updated_at": "2023-08-24T09:10:03.000000Z",
            "deleted_at": null,
            "blogs_count": 0,
            "products_count": 0,
            "category_image": null,
            "category_icon": null,
            "subcategories": [],
            "parent": {
              "id": 17,
              "name": "Furniture",
              "slug": "furniture",
              "description": "Furniture encompasses a wide range of functional and decorative items designed to enhance living and working spaces. It includes various pieces that serve practical purposes while contributing to the overall aesthetics and ambiance of a room or environment. Furniture is an essential aspect of interior design and plays a crucial role in creating comfortable and functional living, working, and recreational spaces.",
              "category_image_id": null,
              "category_icon_id": 315,
              "status": 1,
              "type": "product",
              "commission_rate": null,
              "parent_id": null,
              "created_by_id": "1",
              "created_at": "2023-08-24T09:09:02.000000Z",
              "updated_at": "2023-08-31T10:38:49.000000Z",
              "deleted_at": null,
              "blogs_count": 0,
              "products_count": 20,
              "category_image": null,
              "category_icon": {
                "id": 315,
                "collection_name": "attachment",
                "name": "noun-furniture-3588149 1",
                "file_name": "noun-furniture-3588149-1.svg",
                "mime_type": "image/svg+xml",
                "disk": "public",
                "conversions_disk": "public",
                "size": "2159",
                "created_by_id": "1",
                "created_at": "2023-08-31T10:37:59.000000Z",
                "updated_at": "2023-08-31T10:37:59.000000Z",
                "original_url": "assets/images/data/furniture.svg"
              }
            }
          },
          {
            "id": 13,
            "name": "Blankets",
            "slug": "blankets",
            "description": "Blankets are cozy and versatile textile items that provide warmth and comfort. They come in various materials, such as fleece, wool, cotton, and acrylic, offering different levels of insulation. Blankets can be used on beds, couches, or as throws, adding both functionality and style to living spaces. They also come in a range of designs and colors, making them an attractive accessory for interior decor. Whether used for extra warmth during cold nights or as decorative accents, blankets are an essential element in creating a comfortable and inviting atmosphere.",
            "category_image_id": null,
            "category_icon_id": null,
            "status": 1,
            "type": "product",
            "commission_rate": null,
            "parent_id": 17,
            "created_by_id": "1",
            "created_at": "2023-08-24T09:03:57.000000Z",
            "updated_at": "2023-08-24T09:09:53.000000Z",
            "deleted_at": null,
            "blogs_count": 0,
            "products_count": 0,
            "category_image": null,
            "category_icon": null,
            "subcategories": [],
            "parent": {
              "id": 17,
              "name": "Furniture",
              "slug": "furniture",
              "description": "Furniture encompasses a wide range of functional and decorative items designed to enhance living and working spaces. It includes various pieces that serve practical purposes while contributing to the overall aesthetics and ambiance of a room or environment. Furniture is an essential aspect of interior design and plays a crucial role in creating comfortable and functional living, working, and recreational spaces.",
              "category_image_id": null,
              "category_icon_id": 315,
              "status": 1,
              "type": "product",
              "commission_rate": null,
              "parent_id": null,
              "created_by_id": "1",
              "created_at": "2023-08-24T09:09:02.000000Z",
              "updated_at": "2023-08-31T10:38:49.000000Z",
              "deleted_at": null,
              "blogs_count": 0,
              "products_count": 20,
              "category_image": null,
              "category_icon": {
                "id": 315,
                "collection_name": "attachment",
                "name": "noun-furniture-3588149 1",
                "file_name": "noun-furniture-3588149-1.svg",
                "mime_type": "image/svg+xml",
                "disk": "public",
                "conversions_disk": "public",
                "size": "2159",
                "created_by_id": "1",
                "created_at": "2023-08-31T10:37:59.000000Z",
                "updated_at": "2023-08-31T10:37:59.000000Z",
                "original_url": "assets/images/data/furniture.svg"
              }
            }
          },
          {
            "id": 14,
            "name": "Cushions",
            "slug": "cushions",
            "description": "Cushions, also known as throw pillows or decorative pillows, are soft furnishings that enhance both the comfort and aesthetics of furniture. These versatile accessories come in various shapes, sizes, and fabrics, allowing for creative mixing and matching to complement a room's decor. Cushions can provide added support and coziness to seating areas while serving as decorative accents that bring color, texture, and style to a space. Whether arranged on sofas, chairs, or beds, cushions play a significant role in creating an inviting and visually appealing environment.",
            "category_image_id": null,
            "category_icon_id": null,
            "status": 1,
            "type": "product",
            "commission_rate": null,
            "parent_id": 17,
            "created_by_id": "1",
            "created_at": "2023-08-24T09:04:26.000000Z",
            "updated_at": "2023-08-24T09:09:40.000000Z",
            "deleted_at": null,
            "blogs_count": 0,
            "products_count": 0,
            "category_image": null,
            "category_icon": null,
            "subcategories": [],
            "parent": {
              "id": 17,
              "name": "Furniture",
              "slug": "furniture",
              "description": "Furniture encompasses a wide range of functional and decorative items designed to enhance living and working spaces. It includes various pieces that serve practical purposes while contributing to the overall aesthetics and ambiance of a room or environment. Furniture is an essential aspect of interior design and plays a crucial role in creating comfortable and functional living, working, and recreational spaces.",
              "category_image_id": null,
              "category_icon_id": 315,
              "status": 1,
              "type": "product",
              "commission_rate": null,
              "parent_id": null,
              "created_by_id": "1",
              "created_at": "2023-08-24T09:09:02.000000Z",
              "updated_at": "2023-08-31T10:38:49.000000Z",
              "deleted_at": null,
              "blogs_count": 0,
              "products_count": 20,
              "category_image": null,
              "category_icon": {
                "id": 315,
                "collection_name": "attachment",
                "name": "noun-furniture-3588149 1",
                "file_name": "noun-furniture-3588149-1.svg",
                "mime_type": "image/svg+xml",
                "disk": "public",
                "conversions_disk": "public",
                "size": "2159",
                "created_by_id": "1",
                "created_at": "2023-08-31T10:37:59.000000Z",
                "updated_at": "2023-08-31T10:37:59.000000Z",
                "original_url": "assets/images/data/furniture.svg"
              }
            }
          },
          {
            "id": 15,
            "name": "Sofas",
            "slug": "sofas",
            "description": "A sofa, often referred to as a couch, is a piece of furniture designed for seating multiple people comfortably. Sofas are a fundamental component of living rooms, lounges, and other social spaces. They come in various sizes, styles, and materials, catering to different preferences and interior design themes.",
            "category_image_id": null,
            "category_icon_id": null,
            "status": 1,
            "type": "product",
            "commission_rate": null,
            "parent_id": 17,
            "created_by_id": "1",
            "created_at": "2023-08-24T09:05:37.000000Z",
            "updated_at": "2023-08-24T09:09:31.000000Z",
            "deleted_at": null,
            "blogs_count": 0,
            "products_count": 0,
            "category_image": null,
            "category_icon": null,
            "subcategories": [],
            "parent": {
              "id": 17,
              "name": "Furniture",
              "slug": "furniture",
              "description": "Furniture encompasses a wide range of functional and decorative items designed to enhance living and working spaces. It includes various pieces that serve practical purposes while contributing to the overall aesthetics and ambiance of a room or environment. Furniture is an essential aspect of interior design and plays a crucial role in creating comfortable and functional living, working, and recreational spaces.",
              "category_image_id": null,
              "category_icon_id": 315,
              "status": 1,
              "type": "product",
              "commission_rate": null,
              "parent_id": null,
              "created_by_id": "1",
              "created_at": "2023-08-24T09:09:02.000000Z",
              "updated_at": "2023-08-31T10:38:49.000000Z",
              "deleted_at": null,
              "blogs_count": 0,
              "products_count": 20,
              "category_image": null,
              "category_icon": {
                "id": 315,
                "collection_name": "attachment",
                "name": "noun-furniture-3588149 1",
                "file_name": "noun-furniture-3588149-1.svg",
                "mime_type": "image/svg+xml",
                "disk": "public",
                "conversions_disk": "public",
                "size": "2159",
                "created_by_id": "1",
                "created_at": "2023-08-31T10:37:59.000000Z",
                "updated_at": "2023-08-31T10:37:59.000000Z",
                "original_url": "assets/images/data/furniture.svg"
              }
            }
          },
          {
            "id": 16,
            "name": "Chairs",
            "slug": "chairs",
            "description": "Chairs are versatile pieces of furniture designed for seating comfort and support. They come in a wide range of styles, sizes, and materials to suit various functional and aesthetic needs. Chairs serve as essential seating options for different areas of the home, offices, and various public spaces.",
            "category_image_id": null,
            "category_icon_id": null,
            "status": 1,
            "type": "product",
            "commission_rate": null,
            "parent_id": 17,
            "created_by_id": "1",
            "created_at": "2023-08-24T09:06:23.000000Z",
            "updated_at": "2023-08-24T09:09:16.000000Z",
            "deleted_at": null,
            "blogs_count": 0,
            "products_count": 0,
            "category_image": null,
            "category_icon": null,
            "subcategories": [],
            "parent": {
              "id": 17,
              "name": "Furniture",
              "slug": "furniture",
              "description": "Furniture encompasses a wide range of functional and decorative items designed to enhance living and working spaces. It includes various pieces that serve practical purposes while contributing to the overall aesthetics and ambiance of a room or environment. Furniture is an essential aspect of interior design and plays a crucial role in creating comfortable and functional living, working, and recreational spaces.",
              "category_image_id": null,
              "category_icon_id": 315,
              "status": 1,
              "type": "product",
              "commission_rate": null,
              "parent_id": null,
              "created_by_id": "1",
              "created_at": "2023-08-24T09:09:02.000000Z",
              "updated_at": "2023-08-31T10:38:49.000000Z",
              "deleted_at": null,
              "blogs_count": 0,
              "products_count": 20,
              "category_image": null,
              "category_icon": {
                "id": 315,
                "collection_name": "attachment",
                "name": "noun-furniture-3588149 1",
                "file_name": "noun-furniture-3588149-1.svg",
                "mime_type": "image/svg+xml",
                "disk": "public",
                "conversions_disk": "public",
                "size": "2159",
                "created_by_id": "1",
                "created_at": "2023-08-31T10:37:59.000000Z",
                "updated_at": "2023-08-31T10:37:59.000000Z",
                "original_url": "assets/images/data/furniture.svg"
              }
            }
          }
        ],
        "parent": null
      },
      {
        "id": 10,
        "name": "Meats & Seafood",
        "slug": "meats-seafood",
        "description": "Meats and seafood are valuable sources of protein, essential nutrients, and distinct flavors in a balanced diet. Meats, which include options like beef, poultry, and pork, offer a range of textures and tastes, while seafood encompasses fish and shellfish with their unique profiles. These foods provide essential amino acids, vitamins, and minerals that support muscle growth, immune function, and overall health. Choosing lean cuts and sustainable seafood options contributes to a nutritious diet while considering environmental and ethical factors.",
        "category_image_id": null,
        "category_icon_id": 268,
        "status": 1,
        "type": "product",
        "commission_rate": null,
        "parent_id": null,
        "created_by_id": "1",
        "created_at": "2023-08-24T08:59:07.000000Z",
        "updated_at": "2023-08-26T12:23:23.000000Z",
        "deleted_at": null,
        "blogs_count": 0,
        "products_count": 1,
        "category_image": null,
        "category_icon": {
          "id": 268,
          "collection_name": "attachment",
          "name": "meats",
          "file_name": "meats.svg",
          "mime_type": "image/svg+xml",
          "disk": "public",
          "conversions_disk": "public",
          "size": "3228",
          "created_by_id": "1",
          "created_at": "2023-08-26T12:19:11.000000Z",
          "updated_at": "2023-08-26T12:19:11.000000Z",
          "original_url": "assets/images/data/meats.svg"
        },
        "subcategories": [],
        "parent": null
      },
      {
        "id": 9,
        "name": "Pet Shop",
        "slug": "pet-shop",
        "description": "Our pet shop offers only top-notch, premium quality products, ensuring customer satisfaction and trust. We have a wide variety of pet supplies, including food, toys, grooming essentials, and accessories, catering to every pet owner's needs. Our products are reasonably priced, offering great value for money, attracting price-conscious customers.",
        "category_image_id": null,
        "category_icon_id": 276,
        "status": 1,
        "type": "product",
        "commission_rate": null,
        "parent_id": null,
        "created_by_id": "1",
        "created_at": "2023-08-24T08:58:23.000000Z",
        "updated_at": "2023-08-26T12:23:08.000000Z",
        "deleted_at": null,
        "blogs_count": 0,
        "products_count": 9,
        "category_image": null,
        "category_icon": {
          "id": 276,
          "collection_name": "attachment",
          "name": "pet",
          "file_name": "pet.svg",
          "mime_type": "image/svg+xml",
          "disk": "public",
          "conversions_disk": "public",
          "size": "4437",
          "created_by_id": "1",
          "created_at": "2023-08-26T12:19:23.000000Z",
          "updated_at": "2023-08-26T12:19:23.000000Z",
          "original_url": "assets/images/data/pet.svg"
        },
        "subcategories": [],
        "parent": null
      },
      {
        "id": 8,
        "name": "Milk & Dairy Products",
        "slug": "milk-dairy-products",
        "description": "Milk and dairy products are essential sources of nutrients, particularly calcium and protein, that play a crucial role in supporting bone health, muscle function, and overall well-being. Dairy products include milk, cheese, yogurt, and butter, each offering distinct textures and flavors. While dairy can be a valuable part of a diet, individuals with lactose intolerance or dietary preferences may opt for plant-based alternatives like almond, soy, or oat milk. Incorporating a variety of dairy or dairy-free options can contribute to a balanced intake of nutrients.",
        "category_image_id": null,
        "category_icon_id": 275,
        "status": 1,
        "type": "product",
        "commission_rate": null,
        "parent_id": null,
        "created_by_id": "1",
        "created_at": "2023-08-24T08:58:02.000000Z",
        "updated_at": "2023-08-26T12:22:59.000000Z",
        "deleted_at": null,
        "blogs_count": 0,
        "products_count": 7,
        "category_image": null,
        "category_icon": {
          "id": 275,
          "collection_name": "attachment",
          "name": "milk",
          "file_name": "milk.svg",
          "mime_type": "image/svg+xml",
          "disk": "public",
          "conversions_disk": "public",
          "size": "1567",
          "created_by_id": "1",
          "created_at": "2023-08-26T12:19:23.000000Z",
          "updated_at": "2023-08-26T12:19:23.000000Z",
          "original_url": "assets/images/data/milk.svg"
        },
        "subcategories": [],
        "parent": null
      },
      {
        "id": 7,
        "name": "Wines & Soft Drinks",
        "slug": "wines-soft-drinks",
        "description": "Wines and alcoholic drinks are enjoyed for their diverse flavors and social significance. Wines, produced from fermented grapes, offer a wide range of styles from red to white to rosé, each with unique characteristics. Alcoholic drinks encompass a variety of beverages, including beer, spirits, cocktails, and liqueurs. While moderation can enhance social experiences, it's important to be mindful of consumption to avoid negative health effects. Responsible and informed enjoyment of wines and alcoholic drinks can be part of a balanced lifestyle.",
        "category_image_id": null,
        "category_icon_id": 274,
        "status": 1,
        "type": "product",
        "commission_rate": 5,
        "parent_id": null,
        "created_by_id": "1",
        "created_at": "2023-08-24T08:57:35.000000Z",
        "updated_at": "2023-08-26T12:22:40.000000Z",
        "deleted_at": null,
        "blogs_count": 0,
        "products_count": 1,
        "category_image": null,
        "category_icon": {
          "id": 274,
          "collection_name": "attachment",
          "name": "drink",
          "file_name": "drink.svg",
          "mime_type": "image/svg+xml",
          "disk": "public",
          "conversions_disk": "public",
          "size": "3228",
          "created_by_id": "1",
          "created_at": "2023-08-26T12:19:23.000000Z",
          "updated_at": "2023-08-26T12:19:23.000000Z",
          "original_url": "assets/images/data/drink.svg"
        },
        "subcategories": [],
        "parent": null
      },
      {
        "id": 6,
        "name": "Grocery & Staples",
        "slug": "grocery-staples",
        "description": "Groceries and staples are the foundation of a well-stocked kitchen, encompassing essential food items that form the basis of meals. This category includes non-perishable items like rice, pasta, flour, oils, canned goods, and spices. Staples provide the building blocks for a wide range of recipes, allowing for diverse culinary creations. Careful grocery planning ensures a pantry stocked with nutritious and versatile options, enabling efficient meal preparation while accommodating individual dietary preferences.",
        "category_image_id": 394,
        "category_icon_id": 273,
        "status": 1,
        "type": "product",
        "commission_rate": null,
        "parent_id": null,
        "created_by_id": "1",
        "created_at": "2023-08-24T08:57:07.000000Z",
        "updated_at": "2023-09-01T06:11:42.000000Z",
        "deleted_at": null,
        "blogs_count": 0,
        "products_count": 19,
        "category_image": {
          "id": 394,
          "collection_name": "attachment",
          "name": "Grocery & straples",
          "file_name": "Grocery-&-straples.png",
          "mime_type": "image/png",
          "disk": "public",
          "conversions_disk": "public",
          "size": "2156102",
          "created_by_id": "1",
          "created_at": "2023-09-01T06:10:15.000000Z",
          "updated_at": "2023-09-01T06:10:15.000000Z",
          "original_url": "assets/images/data/product-3.png"
        },
        "category_icon": {
          "id": 273,
          "collection_name": "attachment",
          "name": "grocery",
          "file_name": "grocery.svg",
          "mime_type": "image/svg+xml",
          "disk": "public",
          "conversions_disk": "public",
          "size": "2138",
          "created_by_id": "1",
          "created_at": "2023-08-26T12:19:23.000000Z",
          "updated_at": "2023-08-26T12:19:23.000000Z",
          "original_url": "assets/images/data/grocery.svg"
        },
        "subcategories": [],
        "parent": null
      },
      {
        "id": 5,
        "name": "Biscuits & Snacks",
        "slug": "biscuits-snacks",
        "description": "Biscuits and snacks are popular food choices enjoyed for their convenience and variety of flavors. Biscuits, often known as cookies in some regions, come in various textures and tastes, from crispy to soft and sweet to savory. Snacks encompass a broader category, including chips, nuts, granola bars, and more, offering quick bites for on-the-go consumption. While indulging in these treats, it's important to strike a balance between enjoying their flavors and considering their nutritional content. Opting for healthier snack options can contribute to a well-rounded diet.",
        "category_image_id": null,
        "category_icon_id": 272,
        "status": 1,
        "type": "product",
        "commission_rate": null,
        "parent_id": null,
        "created_by_id": "1",
        "created_at": "2023-08-24T08:56:41.000000Z",
        "updated_at": "2023-08-26T12:22:08.000000Z",
        "deleted_at": null,
        "blogs_count": 0,
        "products_count": 9,
        "category_image": null,
        "category_icon": {
          "id": 272,
          "collection_name": "attachment",
          "name": "biscuit",
          "file_name": "biscuit.svg",
          "mime_type": "image/svg+xml",
          "disk": "public",
          "conversions_disk": "public",
          "size": "3192",
          "created_by_id": "1",
          "created_at": "2023-08-26T12:19:23.000000Z",
          "updated_at": "2023-08-26T12:19:23.000000Z",
          "original_url": "assets/images/data/biscuit.svg"
        },
        "subcategories": [],
        "parent": null
      },
      {
        "id": 4,
        "name": "Frozen Foods",
        "slug": "frozen-foods",
        "description": "Frozen foods are convenient and versatile food items that have been preserved through freezing. They encompass a wide range of options, from frozen fruits and vegetables to ready-to-eat meals, pizzas, and desserts. Freezing helps lock in nutrients and flavors, extending the shelf life of perishable items. While frozen foods offer convenience, it's important to read labels for nutritional information and choose options with balanced ingredients. Properly incorporating frozen foods into a diet can simplify meal preparation while maintaining nutritional value.",
        "category_image_id": null,
        "category_icon_id": 271,
        "status": 1,
        "type": "product",
        "commission_rate": null,
        "parent_id": null,
        "created_by_id": "1",
        "created_at": "2023-08-24T08:56:18.000000Z",
        "updated_at": "2023-08-26T12:21:56.000000Z",
        "deleted_at": null,
        "blogs_count": 0,
        "products_count": 1,
        "category_image": null,
        "category_icon": {
          "id": 271,
          "collection_name": "attachment",
          "name": "frozen",
          "file_name": "frozen.svg",
          "mime_type": "image/svg+xml",
          "disk": "public",
          "conversions_disk": "public",
          "size": "4723",
          "created_by_id": "1",
          "created_at": "2023-08-26T12:19:23.000000Z",
          "updated_at": "2023-08-26T12:19:23.000000Z",
          "original_url": "assets/images/data/frozen.svg"
        },
        "subcategories": [],
        "parent": null
      },
      {
        "id": 3,
        "name": "Daily Breakfast",
        "slug": "daily-breakfast",
        "description": "Breakfast is often hailed as the most important meal of the day, providing a nutritious start to one's morning. It typically includes a variety of foods such as grains (like cereal or toast), dairy products like milk, yogurt, and cheese, as well as fruits and proteins. Dairy products, including milk and its derivatives, are rich sources of calcium and essential nutrients that support bone health and overall well-being. Incorporating a balanced breakfast with dairy can provide sustained energy and contribute to a wholesome diet.",
        "category_image_id": null,
        "category_icon_id": 269,
        "status": 1,
        "type": "product",
        "commission_rate": null,
        "parent_id": null,
        "created_by_id": "1",
        "created_at": "2023-08-24T08:55:11.000000Z",
        "updated_at": "2023-08-26T12:21:46.000000Z",
        "deleted_at": null,
        "blogs_count": 0,
        "products_count": 19,
        "category_image": null,
        "category_icon": {
          "id": 269,
          "collection_name": "attachment",
          "name": "breakfast",
          "file_name": "breakfast.svg",
          "mime_type": "image/svg+xml",
          "disk": "public",
          "conversions_disk": "public",
          "size": "1308",
          "created_by_id": "1",
          "created_at": "2023-08-26T12:19:11.000000Z",
          "updated_at": "2023-08-26T12:19:11.000000Z",
          "original_url": "assets/images/data/product.png"
        },
        "subcategories": [],
        "parent": null
      },
      {
        "id": 2,
        "name": "Beverages",
        "slug": "beverages",
        "description": "Beverages are liquid refreshments that play a vital role in hydration and enjoyment. They encompass a wide spectrum, from essential options like water and herbal teas to flavorful choices like juices, sodas, coffee, and alcoholic drinks. Beverages can quench thirst, provide essential nutrients, and offer social and cultural significance in various societies. Selecting beverages mindfully can contribute to maintaining proper hydration and aligning with personal health goals.",
        "category_image_id": 396,
        "category_icon_id": 267,
        "status": 1,
        "type": "product",
        "commission_rate": 1,
        "parent_id": null,
        "created_by_id": "1",
        "created_at": "2023-08-24T08:54:37.000000Z",
        "updated_at": "2023-09-01T06:11:32.000000Z",
        "deleted_at": null,
        "blogs_count": 0,
        "products_count": 1,
        "category_image": {
          "id": 396,
          "collection_name": "attachment",
          "name": "wepik-export-20230901060605MPv5 1",
          "file_name": "wepik-export-20230901060605MPv5-1.png",
          "mime_type": "image/png",
          "disk": "public",
          "conversions_disk": "public",
          "size": "3526057",
          "created_by_id": "1",
          "created_at": "2023-09-01T06:10:15.000000Z",
          "updated_at": "2023-09-01T06:10:15.000000Z",
          "original_url": "assets/images/data/product.png"
        },
        "category_icon": {
          "id": 267,
          "collection_name": "attachment",
          "name": "cup",
          "file_name": "cup.svg",
          "mime_type": "image/svg+xml",
          "disk": "public",
          "conversions_disk": "public",
          "size": "1603",
          "created_by_id": "1",
          "created_at": "2023-08-26T12:19:11.000000Z",
          "updated_at": "2023-08-26T12:19:11.000000Z",
          "original_url": "assets/images/data/cup.svg"
        },
        "subcategories": [],
        "parent": null
      },
      {
        "id": 1,
        "name": "Vegetables & Fruits",
        "slug": "vegetables-fruits",
        "description": "Vegetables and fruits are essential components of a balanced diet, providing a wide range of nutrients, vitamins, and minerals that promote overall health. Vegetables encompass a diverse group of plant-based foods, while fruits are naturally sweet and colorful delights that offer a variety of flavors and health benefits. Incorporating a colorful array of vegetables and fruits into your meals can contribute to improved well-being and support various bodily functions.",
        "category_image_id": 395,
        "category_icon_id": 266,
        "status": 1,
        "type": "product",
        "commission_rate": 1,
        "parent_id": null,
        "created_by_id": "1",
        "created_at": "2023-08-24T08:54:10.000000Z",
        "updated_at": "2023-09-01T06:11:19.000000Z",
        "deleted_at": null,
        "blogs_count": 0,
        "products_count": 21,
        "category_image": {
          "id": 395,
          "collection_name": "attachment",
          "name": "Vegertable & fruits",
          "file_name": "Vegertable-&-fruits.png",
          "mime_type": "image/png",
          "disk": "public",
          "conversions_disk": "public",
          "size": "2250220",
          "created_by_id": "1",
          "created_at": "2023-09-01T06:10:15.000000Z",
          "updated_at": "2023-09-01T06:10:15.000000Z",
          "original_url": "assets/images/data/product-1.png"
        },
        "category_icon": {
          "id": 266,
          "collection_name": "attachment",
          "name": "vegetable",
          "file_name": "vegetable.svg",
          "mime_type": "image/svg+xml",
          "disk": "public",
          "conversions_disk": "public",
          "size": "2617",
          "created_by_id": "1",
          "created_at": "2023-08-26T12:19:11.000000Z",
          "updated_at": "2023-08-26T12:19:11.000000Z",
          "original_url": "assets/images/data/vegetable.svg"
        },
        "subcategories": [],
        "parent": null
      }
    ],
    "total": 20
  }