{
    "id": 7,
    "content": {
      "home_banner": {
        "status": false,
        "main_banner": {
          "image_url": "assets/images/data/themes/denver/1.jpg",
          "redirect_link": {
            "link": "fashion",
            "link_type": "collection"
          }
        }
      },
      "categories_icon_list": {
        "status": true,
        "category_ids": [
          22,
          21,
          20,
          19,
          18,
          17,
          9
        ],
        "image_url": "assets/images/data/themes/denver/6.png"
      },
      "products_list_1": {
        "title": "Top Selling Items",
        "product_ids": [
          178,
          163,
          161,
          152,
          121,
          170,
          177
        ],
        "status": true
      },
      "two_column_banners": {
        "status": true,
        "banner_1": {
          "image_url": "assets/images/data/themes/berlin/2.jpg",
          "redirect_link": {
            "link": "fashion",
            "link_type": "collection"
          }
        },
        "banner_2": {
          "image_url": "assets/images/data/themes/berlin/3.jpg",
          "redirect_link": {
            "link": "fashion",
            "link_type": "collection"
          }
        }
      },
      "slider_product_with_banner": {
        "left_side_banners": {
          "status": true,
          "banner_1": {
            "image_url": "assets/images/data/themes/berlin/4.jpg",
            "redirect_link": {
              "link": "fashion",
              "link_type": "collection"
            }
          }
        },
        "slider_products": {
          "status": true,
          "product_slider_1": {
            "title": "Top Selling",
            "product_ids": [
              178,
              177,
              163,
              161
            ],
            "status": true
          },
          "product_slider_2": {
            "title": "Trending Products",
            "product_ids": [
              163,
              152,
              121,
              178
            ],
            "status": true
          },
          "product_slider_3": {
            "title": "Recently added",
            "product_ids": [
              171,
              170,
              168,
              177
            ],
            "status": true
          }
        }
      },
      "coupon_banner": {
        "image_url": "assets/images/data/themes/berlin/5.jpg",
        "redirect_link": {
          "link": "fashion",
          "link_type": "collection"
        }
      },
      "products_list_2": {
        "title": "Trendy Fashion Finds",
        "product_ids": [
          178,
          177,
          174,
          173,
          172,
          171,
          170,
          169
        ],
        "status": true
      },
      "products_list_3": {
        "title": "Chic Style Selection",
        "product_ids": [
          121,
          152,
          161,
          163,
          165,
          166,
          167
        ],
        "status": true
      },
      "news_letter": {
        "title": "Join Our Newsletter And Get...",
        "status": true,
        "image_url": "assets/images/data/newsletter.jpg",
        "sub_title": "$20 discount for your first order"
      },
      "products_ids": [
        178,
        163,
        161,
        152,
        121,
        170,
        177,
        171,
        168,
        174,
        173,
        172,
        169,
        165,
        166,
        167
      ]
    },
    "slug": "denver"
  }