{
    "id": 5,
    "content": {
      "home_banner": {
        "status": true,
        "main_banner": {
          "image_url": "assets/images/data/themes/madrid/1.jpg",
          "redirect_link": {
            "link": "vegetables-fruits",
            "link_type": "collection"
          }
        }
      },
      "featured_banners": {
        "status": true,
        "banners": [
          {
            "redirect_link": {
              "link": "vegetables-fruits",
              "link_type": "collection",
              "product_ids": null
            },
            "image_url": "assets/images/data/themes/madrid/2.jpg",
            "status": true
          },
          {
            "redirect_link": {
              "link": "vegetables-fruits",
              "link_type": "collection",
              "product_ids": null
            },
            "image_url": "assets/images/data/themes/madrid/2.jpg",
            "status": true
          },
          {
            "redirect_link": {
              "link": "vegetables-fruits",
              "link_type": "collection",
              "product_ids": null
            },
            "image_url": "assets/images/data/themes/madrid/2.jpg",
            "status": true
          },
          {
            "redirect_link": {
              "link": "vegetables-fruits",
              "link_type": "collection",
              "product_ids": null
            },
            "image_url": "assets/images/data/themes/madrid/2.jpg",
            "status": true
          }
        ]
      },
      "categories_image_list": {
        "title": "Shop By Categories",
        "category_ids": [
          1,
          2,
          6,
          19,
          18,
          20,
          21,
          22
        ],
        "status": true
      },
      "products_list_1": {
        "title": "Fruits & Vegetables",
        "product_ids": [
          4,
          11,
          12,
          6,
          1,
          17
        ],
        "status": true
      },
      "bank_wallet_offers": {
        "title": "Bank & Wallet Offers",
        "status": true,
        "offers": [
          {
            "coupon_code": "FASTPR10",
            "redirect_link": {
              "link": "vegetables-fruits",
              "link_type": "collection",
              "product_ids": null
            },
            "image_url": "assets/images/data/themes/madrid/3.jpg",
            "status": true
          },
          {
            "coupon_code": "FASTBOGO",
            "redirect_link": {
              "link": "vegetables-fruits",
              "link_type": "collection",
              "product_ids": null
            },
            "image_url": "assets/images/data/themes/madrid/3.jpg",
            "status": true
          },
          {
            "coupon_code": "FASTFESTIVE",
            "redirect_link": {
              "link": "vegetables-fruits",
              "link_type": "collection",
              "product_ids": null
            },
            "image_url": "assets/images/data/themes/madrid/3.jpg",
            "status": true
          }
        ]
      },
      "product_with_deals": {
        "title": "Top Selling Items",
        "status": true,
        "products_list": {
          "title": "Top Selling Items",
          "status": true,
          "product_ids": [
            20,
            2,
            12,
            17,
            30,
            45,
            33,
            22
          ]
        },
        "deal_of_days": {
          "title": "Special Offer",
          "status": true,
          "image_url": "assets/images/data/themes/madrid/4.jpg",
          "deals": [
            {
              "offer_title": "Special Offer",
              "product_id": 12,
              "end_date": "2023-09-30T20:53",
              "status": true
            },
            {
              "offer_title": "Special Offer",
              "product_id": 2,
              "end_date": "2023-09-01T16:57",
              "status": true
            },
            {
              "offer_title": "Special Offer",
              "product_id": 18,
              "end_date": "2025-06-30T15:53",
              "status": true
            }
          ]
        }
      },
      "full_width_banner": {
        "image_url": "assets/images/data/themes/madrid/5.jpg",
        "status": true,
        "redirect_link": []
      },
      "products_list_2": {
        "title": "Breakfast & Dairy",
        "product_ids": [
          35,
          36,
          30,
          44,
          38,
          34,
          37,
          42
        ],
        "status": true
      },
      "products_list_3": {
        "title": "Fresh Fruits",
        "product_ids": [
          12,
          8,
          18,
          16,
          10,
          14
        ],
        "status": true
      },
      "two_column_banners": {
        "status": true,
        "banner_1": {
          "image_url": "assets/images/data/themes/madrid/6.jpg",
          "redirect_link": {
            "link": "biscuits-snacks",
            "link_type": "collection",
            "product_ids": null
          }
        },
        "banner_2": {
          "image_url": "assets/images/data/themes/madrid/6.jpg",
          "redirect_link": {
            "link": null,
            "link_type": null,
            "product_ids": null
          }
        }
      },
      "products_list_4": {
        "title": "Organic Vegetables",
        "status": true,
        "product_ids": [
          5,
          6,
          4,
          2,
          1,
          7,
          9,
          11
        ]
      },
      "products_list_5": {
        "title": "Our Best Sellers",
        "status": true,
        "product_ids": [
          32,
          33,
          34,
          31,
          38,
          41,
          45
        ]
      },
      "delivery_banners": {
        "status": true,
        "banner_1": {
          "image_url": "assets/images/data/themes/madrid/7.jpg",
          "redirect_link": {
            "link": "vegetables-fruits",
            "link_type": "collection"
          }
        },
        "banner_2": {
          "image_url": "assets/images/data/themes/madrid/8.jpg",
          "redirect_link": {
            "link": "vegetables-fruits",
            "link_type": "collection"
          }
        }
      },
      "products_list_6": {
        "title": "Trending Products",
        "status": true,
        "product_ids": [
          42,
          40,
          32,
          34,
          30,
          36,
          45
        ]
      },
      "products_list_7": {
        "title": "New Arrivals",
        "status": true,
        "product_ids": [
          39,
          38,
          35,
          32,
          31,
          40,
          22
        ]
      },
      "featured_blogs": {
        "title": "Featured Blog",
        "status": true,
        "blog_ids": [
          17,
          16,
          19,
          21,
          20
        ]
      },
      "products_ids": [
        4,
        11,
        12,
        6,
        1,
        17,
        20,
        2,
        30,
        45,
        33,
        22,
        35,
        36,
        44,
        38,
        34,
        37,
        42,
        8,
        18,
        16,
        10,
        14,
        5,
        7,
        9,
        32,
        31,
        41,
        40,
        39
      ]
    },
    "slug": "madrid"
  }